{"format": "layers-model", "generatedBy": "keras v2.8.0", "convertedBy": "TensorFlow.js Converter v3.18.0", "modelTopology": {"keras_version": "2.8.0", "backend": "tensorflow", "model_config": {"class_name": "Functional", "config": {"name": "model", "layers": [{"class_name": "InputLayer", "config": {"batch_input_shape": [null, 224, 224, 3], "dtype": "float32", "sparse": false, "ragged": false, "name": "input_1"}, "name": "input_1", "inbound_nodes": []}, {"class_name": "Conv2D", "config": {"name": "conv2d", "trainable": true, "dtype": "float32", "filters": 32, "kernel_size": [3, 3], "strides": [2, 2], "padding": "same", "data_format": "channels_last", "dilation_rate": [1, 1], "groups": 1, "activation": "linear", "use_bias": false, "kernel_initializer": {"class_name": "GlorotUniform", "config": {"seed": null}}, "bias_initializer": {"class_name": "Zeros", "config": {}}, "kernel_regularizer": null, "bias_regularizer": null, "activity_regularizer": null, "kernel_constraint": null, "bias_constraint": null}, "name": "conv2d", "inbound_nodes": [[["input_1", 0, 0, {}]]]}, {"class_name": "BatchNormalization", "config": {"name": "batch_normalization", "trainable": true, "dtype": "float32", "axis": [3], "momentum": 0.99, "epsilon": 0.001, "center": true, "scale": true, "beta_initializer": {"class_name": "Zeros", "config": {}}, "gamma_initializer": {"class_name": "Ones", "config": {}}, "moving_mean_initializer": {"class_name": "Zeros", "config": {}}, "moving_variance_initializer": {"class_name": "Ones", "config": {}}, "beta_regularizer": null, "gamma_regularizer": null, "beta_constraint": null, "gamma_constraint": null}, "name": "batch_normalization", "inbound_nodes": [[["conv2d", 0, 0, {}]]]}, {"class_name": "ReLU", "config": {"name": "re_lu", "trainable": true, "dtype": "float32", "max_value": null, "negative_slope": 0.0, "threshold": 0.0}, "name": "re_lu", "inbound_nodes": [[["batch_normalization", 0, 0, {}]]]}, {"class_name": "DepthwiseConv2D", "config": {"name": "depthwise_conv2d", "trainable": true, "dtype": "float32", "kernel_size": [3, 3], "strides": [1, 1], "padding": "same", "data_format": "channels_last", "dilation_rate": [1, 1], "groups": 1, "activation": "linear", "use_bias": false, "bias_initializer": {"class_name": "Zeros", "config": {}}, "bias_regularizer": null, "activity_regularizer": null, "bias_constraint": null, "depth_multiplier": 1, "depthwise_initializer": {"class_name": "GlorotUniform", "config": {"seed": null}}, "depthwise_regularizer": null, "depthwise_constraint": null}, "name": "depthwise_conv2d", "inbound_nodes": [[["re_lu", 0, 0, {}]]]}, {"class_name": "ReLU", "config": {"name": "re_lu_1", "trainable": true, "dtype": "float32", "max_value": null, "negative_slope": 0.0, "threshold": 0.0}, "name": "re_lu_1", "inbound_nodes": [[["depthwise_conv2d", 0, 0, {}]]]}, {"class_name": "BatchNormalization", "config": {"name": "batch_normalization_1", "trainable": true, "dtype": "float32", "axis": [3], "momentum": 0.99, "epsilon": 0.001, "center": true, "scale": true, "beta_initializer": {"class_name": "Zeros", "config": {}}, "gamma_initializer": {"class_name": "Ones", "config": {}}, "moving_mean_initializer": {"class_name": "Zeros", "config": {}}, "moving_variance_initializer": {"class_name": "Ones", "config": {}}, "beta_regularizer": null, "gamma_regularizer": null, "beta_constraint": null, "gamma_constraint": null}, "name": "batch_normalization_1", "inbound_nodes": [[["re_lu_1", 0, 0, {}]]]}, {"class_name": "Conv2D", "config": {"name": "conv2d_1", "trainable": true, "dtype": "float32", "filters": 16, "kernel_size": [1, 1], "strides": [1, 1], "padding": "same", "data_format": "channels_last", "dilation_rate": [1, 1], "groups": 1, "activation": "linear", "use_bias": true, "kernel_initializer": {"class_name": "GlorotUniform", "config": {"seed": null}}, "bias_initializer": {"class_name": "Zeros", "config": {}}, "kernel_regularizer": null, "bias_regularizer": null, "activity_regularizer": null, "kernel_constraint": null, "bias_constraint": null}, "name": "conv2d_1", "inbound_nodes": [[["batch_normalization_1", 0, 0, {}]]]}, {"class_name": "BatchNormalization", "config": {"name": "batch_normalization_2", "trainable": true, "dtype": "float32", "axis": [3], "momentum": 0.99, "epsilon": 0.001, "center": true, "scale": true, "beta_initializer": {"class_name": "Zeros", "config": {}}, "gamma_initializer": {"class_name": "Ones", "config": {}}, "moving_mean_initializer": {"class_name": "Zeros", "config": {}}, "moving_variance_initializer": {"class_name": "Ones", "config": {}}, "beta_regularizer": null, "gamma_regularizer": null, "beta_constraint": null, "gamma_constraint": null}, "name": "batch_normalization_2", "inbound_nodes": [[["conv2d_1", 0, 0, {}]]]}, {"class_name": "Conv2D", "config": {"name": "conv2d_2", "trainable": true, "dtype": "float32", "filters": 96, "kernel_size": [1, 1], "strides": [1, 1], "padding": "same", "data_format": "channels_last", "dilation_rate": [1, 1], "groups": 1, "activation": "linear", "use_bias": false, "kernel_initializer": {"class_name": "GlorotUniform", "config": {"seed": null}}, "bias_initializer": {"class_name": "Zeros", "config": {}}, "kernel_regularizer": null, "bias_regularizer": null, "activity_regularizer": null, "kernel_constraint": null, "bias_constraint": null}, "name": "conv2d_2", "inbound_nodes": [[["batch_normalization_2", 0, 0, {}]]]}, {"class_name": "ReLU", "config": {"name": "re_lu_2", "trainable": true, "dtype": "float32", "max_value": null, "negative_slope": 0.0, "threshold": 0.0}, "name": "re_lu_2", "inbound_nodes": [[["conv2d_2", 0, 0, {}]]]}, {"class_name": "BatchNormalization", "config": {"name": "batch_normalization_3", "trainable": true, "dtype": "float32", "axis": [3], "momentum": 0.99, "epsilon": 0.001, "center": true, "scale": true, "beta_initializer": {"class_name": "Zeros", "config": {}}, "gamma_initializer": {"class_name": "Ones", "config": {}}, "moving_mean_initializer": {"class_name": "Zeros", "config": {}}, "moving_variance_initializer": {"class_name": "Ones", "config": {}}, "beta_regularizer": null, "gamma_regularizer": null, "beta_constraint": null, "gamma_constraint": null}, "name": "batch_normalization_3", "inbound_nodes": [[["re_lu_2", 0, 0, {}]]]}, {"class_name": "DepthwiseConv2D", "config": {"name": "depthwise_conv2d_1", "trainable": true, "dtype": "float32", "kernel_size": [3, 3], "strides": [2, 2], "padding": "same", "data_format": "channels_last", "dilation_rate": [1, 1], "groups": 1, "activation": "linear", "use_bias": false, "bias_initializer": {"class_name": "Zeros", "config": {}}, "bias_regularizer": null, "activity_regularizer": null, "bias_constraint": null, "depth_multiplier": 1, "depthwise_initializer": {"class_name": "GlorotUniform", "config": {"seed": null}}, "depthwise_regularizer": null, "depthwise_constraint": null}, "name": "depthwise_conv2d_1", "inbound_nodes": [[["batch_normalization_3", 0, 0, {}]]]}, {"class_name": "ReLU", "config": {"name": "re_lu_3", "trainable": true, "dtype": "float32", "max_value": null, "negative_slope": 0.0, "threshold": 0.0}, "name": "re_lu_3", "inbound_nodes": [[["depthwise_conv2d_1", 0, 0, {}]]]}, {"class_name": "BatchNormalization", "config": {"name": "batch_normalization_4", "trainable": true, "dtype": "float32", "axis": [3], "momentum": 0.99, "epsilon": 0.001, "center": true, "scale": true, "beta_initializer": {"class_name": "Zeros", "config": {}}, "gamma_initializer": {"class_name": "Ones", "config": {}}, "moving_mean_initializer": {"class_name": "Zeros", "config": {}}, "moving_variance_initializer": {"class_name": "Ones", "config": {}}, "beta_regularizer": null, "gamma_regularizer": null, "beta_constraint": null, "gamma_constraint": null}, "name": "batch_normalization_4", "inbound_nodes": [[["re_lu_3", 0, 0, {}]]]}, {"class_name": "Conv2D", "config": {"name": "conv2d_3", "trainable": true, "dtype": "float32", "filters": 24, "kernel_size": [1, 1], "strides": [1, 1], "padding": "same", "data_format": "channels_last", "dilation_rate": [1, 1], "groups": 1, "activation": "linear", "use_bias": true, "kernel_initializer": {"class_name": "GlorotUniform", "config": {"seed": null}}, "bias_initializer": {"class_name": "Zeros", "config": {}}, "kernel_regularizer": null, "bias_regularizer": null, "activity_regularizer": null, "kernel_constraint": null, "bias_constraint": null}, "name": "conv2d_3", "inbound_nodes": [[["batch_normalization_4", 0, 0, {}]]]}, {"class_name": "BatchNormalization", "config": {"name": "batch_normalization_5", "trainable": true, "dtype": "float32", "axis": [3], "momentum": 0.99, "epsilon": 0.001, "center": true, "scale": true, "beta_initializer": {"class_name": "Zeros", "config": {}}, "gamma_initializer": {"class_name": "Ones", "config": {}}, "moving_mean_initializer": {"class_name": "Zeros", "config": {}}, "moving_variance_initializer": {"class_name": "Ones", "config": {}}, "beta_regularizer": null, "gamma_regularizer": null, "beta_constraint": null, "gamma_constraint": null}, "name": "batch_normalization_5", "inbound_nodes": [[["conv2d_3", 0, 0, {}]]]}, {"class_name": "Conv2D", "config": {"name": "conv2d_4", "trainable": true, "dtype": "float32", "filters": 144, "kernel_size": [1, 1], "strides": [1, 1], "padding": "same", "data_format": "channels_last", "dilation_rate": [1, 1], "groups": 1, "activation": "linear", "use_bias": false, "kernel_initializer": {"class_name": "GlorotUniform", "config": {"seed": null}}, "bias_initializer": {"class_name": "Zeros", "config": {}}, "kernel_regularizer": null, "bias_regularizer": null, "activity_regularizer": null, "kernel_constraint": null, "bias_constraint": null}, "name": "conv2d_4", "inbound_nodes": [[["batch_normalization_5", 0, 0, {}]]]}, {"class_name": "ReLU", "config": {"name": "re_lu_4", "trainable": true, "dtype": "float32", "max_value": null, "negative_slope": 0.0, "threshold": 0.0}, "name": "re_lu_4", "inbound_nodes": [[["conv2d_4", 0, 0, {}]]]}, {"class_name": "BatchNormalization", "config": {"name": "batch_normalization_6", "trainable": true, "dtype": "float32", "axis": [3], "momentum": 0.99, "epsilon": 0.001, "center": true, "scale": true, "beta_initializer": {"class_name": "Zeros", "config": {}}, "gamma_initializer": {"class_name": "Ones", "config": {}}, "moving_mean_initializer": {"class_name": "Zeros", "config": {}}, "moving_variance_initializer": {"class_name": "Ones", "config": {}}, "beta_regularizer": null, "gamma_regularizer": null, "beta_constraint": null, "gamma_constraint": null}, "name": "batch_normalization_6", "inbound_nodes": [[["re_lu_4", 0, 0, {}]]]}, {"class_name": "DepthwiseConv2D", "config": {"name": "depthwise_conv2d_2", "trainable": true, "dtype": "float32", "kernel_size": [3, 3], "strides": [1, 1], "padding": "same", "data_format": "channels_last", "dilation_rate": [1, 1], "groups": 1, "activation": "linear", "use_bias": false, "bias_initializer": {"class_name": "Zeros", "config": {}}, "bias_regularizer": null, "activity_regularizer": null, "bias_constraint": null, "depth_multiplier": 1, "depthwise_initializer": {"class_name": "GlorotUniform", "config": {"seed": null}}, "depthwise_regularizer": null, "depthwise_constraint": null}, "name": "depthwise_conv2d_2", "inbound_nodes": [[["batch_normalization_6", 0, 0, {}]]]}, {"class_name": "ReLU", "config": {"name": "re_lu_5", "trainable": true, "dtype": "float32", "max_value": null, "negative_slope": 0.0, "threshold": 0.0}, "name": "re_lu_5", "inbound_nodes": [[["depthwise_conv2d_2", 0, 0, {}]]]}, {"class_name": "BatchNormalization", "config": {"name": "batch_normalization_7", "trainable": true, "dtype": "float32", "axis": [3], "momentum": 0.99, "epsilon": 0.001, "center": true, "scale": true, "beta_initializer": {"class_name": "Zeros", "config": {}}, "gamma_initializer": {"class_name": "Ones", "config": {}}, "moving_mean_initializer": {"class_name": "Zeros", "config": {}}, "moving_variance_initializer": {"class_name": "Ones", "config": {}}, "beta_regularizer": null, "gamma_regularizer": null, "beta_constraint": null, "gamma_constraint": null}, "name": "batch_normalization_7", "inbound_nodes": [[["re_lu_5", 0, 0, {}]]]}, {"class_name": "Conv2D", "config": {"name": "conv2d_5", "trainable": true, "dtype": "float32", "filters": 24, "kernel_size": [1, 1], "strides": [1, 1], "padding": "same", "data_format": "channels_last", "dilation_rate": [1, 1], "groups": 1, "activation": "linear", "use_bias": true, "kernel_initializer": {"class_name": "GlorotUniform", "config": {"seed": null}}, "bias_initializer": {"class_name": "Zeros", "config": {}}, "kernel_regularizer": null, "bias_regularizer": null, "activity_regularizer": null, "kernel_constraint": null, "bias_constraint": null}, "name": "conv2d_5", "inbound_nodes": [[["batch_normalization_7", 0, 0, {}]]]}, {"class_name": "BatchNormalization", "config": {"name": "batch_normalization_8", "trainable": true, "dtype": "float32", "axis": [3], "momentum": 0.99, "epsilon": 0.001, "center": true, "scale": true, "beta_initializer": {"class_name": "Zeros", "config": {}}, "gamma_initializer": {"class_name": "Ones", "config": {}}, "moving_mean_initializer": {"class_name": "Zeros", "config": {}}, "moving_variance_initializer": {"class_name": "Ones", "config": {}}, "beta_regularizer": null, "gamma_regularizer": null, "beta_constraint": null, "gamma_constraint": null}, "name": "batch_normalization_8", "inbound_nodes": [[["conv2d_5", 0, 0, {}]]]}, {"class_name": "Add", "config": {"name": "add", "trainable": true, "dtype": "float32"}, "name": "add", "inbound_nodes": [[["batch_normalization_5", 0, 0, {}], ["batch_normalization_8", 0, 0, {}]]]}, {"class_name": "Conv2D", "config": {"name": "conv2d_6", "trainable": true, "dtype": "float32", "filters": 144, "kernel_size": [1, 1], "strides": [1, 1], "padding": "same", "data_format": "channels_last", "dilation_rate": [1, 1], "groups": 1, "activation": "linear", "use_bias": false, "kernel_initializer": {"class_name": "GlorotUniform", "config": {"seed": null}}, "bias_initializer": {"class_name": "Zeros", "config": {}}, "kernel_regularizer": null, "bias_regularizer": null, "activity_regularizer": null, "kernel_constraint": null, "bias_constraint": null}, "name": "conv2d_6", "inbound_nodes": [[["add", 0, 0, {}]]]}, {"class_name": "ReLU", "config": {"name": "re_lu_6", "trainable": true, "dtype": "float32", "max_value": null, "negative_slope": 0.0, "threshold": 0.0}, "name": "re_lu_6", "inbound_nodes": [[["conv2d_6", 0, 0, {}]]]}, {"class_name": "BatchNormalization", "config": {"name": "batch_normalization_9", "trainable": true, "dtype": "float32", "axis": [3], "momentum": 0.99, "epsilon": 0.001, "center": true, "scale": true, "beta_initializer": {"class_name": "Zeros", "config": {}}, "gamma_initializer": {"class_name": "Ones", "config": {}}, "moving_mean_initializer": {"class_name": "Zeros", "config": {}}, "moving_variance_initializer": {"class_name": "Ones", "config": {}}, "beta_regularizer": null, "gamma_regularizer": null, "beta_constraint": null, "gamma_constraint": null}, "name": "batch_normalization_9", "inbound_nodes": [[["re_lu_6", 0, 0, {}]]]}, {"class_name": "DepthwiseConv2D", "config": {"name": "depthwise_conv2d_3", "trainable": true, "dtype": "float32", "kernel_size": [3, 3], "strides": [2, 2], "padding": "same", "data_format": "channels_last", "dilation_rate": [1, 1], "groups": 1, "activation": "linear", "use_bias": false, "bias_initializer": {"class_name": "Zeros", "config": {}}, "bias_regularizer": null, "activity_regularizer": null, "bias_constraint": null, "depth_multiplier": 1, "depthwise_initializer": {"class_name": "GlorotUniform", "config": {"seed": null}}, "depthwise_regularizer": null, "depthwise_constraint": null}, "name": "depthwise_conv2d_3", "inbound_nodes": [[["batch_normalization_9", 0, 0, {}]]]}, {"class_name": "ReLU", "config": {"name": "re_lu_7", "trainable": true, "dtype": "float32", "max_value": null, "negative_slope": 0.0, "threshold": 0.0}, "name": "re_lu_7", "inbound_nodes": [[["depthwise_conv2d_3", 0, 0, {}]]]}, {"class_name": "BatchNormalization", "config": {"name": "batch_normalization_10", "trainable": true, "dtype": "float32", "axis": [3], "momentum": 0.99, "epsilon": 0.001, "center": true, "scale": true, "beta_initializer": {"class_name": "Zeros", "config": {}}, "gamma_initializer": {"class_name": "Ones", "config": {}}, "moving_mean_initializer": {"class_name": "Zeros", "config": {}}, "moving_variance_initializer": {"class_name": "Ones", "config": {}}, "beta_regularizer": null, "gamma_regularizer": null, "beta_constraint": null, "gamma_constraint": null}, "name": "batch_normalization_10", "inbound_nodes": [[["re_lu_7", 0, 0, {}]]]}, {"class_name": "Conv2D", "config": {"name": "conv2d_7", "trainable": true, "dtype": "float32", "filters": 32, "kernel_size": [1, 1], "strides": [1, 1], "padding": "same", "data_format": "channels_last", "dilation_rate": [1, 1], "groups": 1, "activation": "linear", "use_bias": true, "kernel_initializer": {"class_name": "GlorotUniform", "config": {"seed": null}}, "bias_initializer": {"class_name": "Zeros", "config": {}}, "kernel_regularizer": null, "bias_regularizer": null, "activity_regularizer": null, "kernel_constraint": null, "bias_constraint": null}, "name": "conv2d_7", "inbound_nodes": [[["batch_normalization_10", 0, 0, {}]]]}, {"class_name": "BatchNormalization", "config": {"name": "batch_normalization_11", "trainable": true, "dtype": "float32", "axis": [3], "momentum": 0.99, "epsilon": 0.001, "center": true, "scale": true, "beta_initializer": {"class_name": "Zeros", "config": {}}, "gamma_initializer": {"class_name": "Ones", "config": {}}, "moving_mean_initializer": {"class_name": "Zeros", "config": {}}, "moving_variance_initializer": {"class_name": "Ones", "config": {}}, "beta_regularizer": null, "gamma_regularizer": null, "beta_constraint": null, "gamma_constraint": null}, "name": "batch_normalization_11", "inbound_nodes": [[["conv2d_7", 0, 0, {}]]]}, {"class_name": "Conv2D", "config": {"name": "conv2d_8", "trainable": true, "dtype": "float32", "filters": 192, "kernel_size": [1, 1], "strides": [1, 1], "padding": "same", "data_format": "channels_last", "dilation_rate": [1, 1], "groups": 1, "activation": "linear", "use_bias": false, "kernel_initializer": {"class_name": "GlorotUniform", "config": {"seed": null}}, "bias_initializer": {"class_name": "Zeros", "config": {}}, "kernel_regularizer": null, "bias_regularizer": null, "activity_regularizer": null, "kernel_constraint": null, "bias_constraint": null}, "name": "conv2d_8", "inbound_nodes": [[["batch_normalization_11", 0, 0, {}]]]}, {"class_name": "ReLU", "config": {"name": "re_lu_8", "trainable": true, "dtype": "float32", "max_value": null, "negative_slope": 0.0, "threshold": 0.0}, "name": "re_lu_8", "inbound_nodes": [[["conv2d_8", 0, 0, {}]]]}, {"class_name": "BatchNormalization", "config": {"name": "batch_normalization_12", "trainable": true, "dtype": "float32", "axis": [3], "momentum": 0.99, "epsilon": 0.001, "center": true, "scale": true, "beta_initializer": {"class_name": "Zeros", "config": {}}, "gamma_initializer": {"class_name": "Ones", "config": {}}, "moving_mean_initializer": {"class_name": "Zeros", "config": {}}, "moving_variance_initializer": {"class_name": "Ones", "config": {}}, "beta_regularizer": null, "gamma_regularizer": null, "beta_constraint": null, "gamma_constraint": null}, "name": "batch_normalization_12", "inbound_nodes": [[["re_lu_8", 0, 0, {}]]]}, {"class_name": "DepthwiseConv2D", "config": {"name": "depthwise_conv2d_4", "trainable": true, "dtype": "float32", "kernel_size": [3, 3], "strides": [1, 1], "padding": "same", "data_format": "channels_last", "dilation_rate": [1, 1], "groups": 1, "activation": "linear", "use_bias": false, "bias_initializer": {"class_name": "Zeros", "config": {}}, "bias_regularizer": null, "activity_regularizer": null, "bias_constraint": null, "depth_multiplier": 1, "depthwise_initializer": {"class_name": "GlorotUniform", "config": {"seed": null}}, "depthwise_regularizer": null, "depthwise_constraint": null}, "name": "depthwise_conv2d_4", "inbound_nodes": [[["batch_normalization_12", 0, 0, {}]]]}, {"class_name": "ReLU", "config": {"name": "re_lu_9", "trainable": true, "dtype": "float32", "max_value": null, "negative_slope": 0.0, "threshold": 0.0}, "name": "re_lu_9", "inbound_nodes": [[["depthwise_conv2d_4", 0, 0, {}]]]}, {"class_name": "BatchNormalization", "config": {"name": "batch_normalization_13", "trainable": true, "dtype": "float32", "axis": [3], "momentum": 0.99, "epsilon": 0.001, "center": true, "scale": true, "beta_initializer": {"class_name": "Zeros", "config": {}}, "gamma_initializer": {"class_name": "Ones", "config": {}}, "moving_mean_initializer": {"class_name": "Zeros", "config": {}}, "moving_variance_initializer": {"class_name": "Ones", "config": {}}, "beta_regularizer": null, "gamma_regularizer": null, "beta_constraint": null, "gamma_constraint": null}, "name": "batch_normalization_13", "inbound_nodes": [[["re_lu_9", 0, 0, {}]]]}, {"class_name": "Conv2D", "config": {"name": "conv2d_9", "trainable": true, "dtype": "float32", "filters": 32, "kernel_size": [1, 1], "strides": [1, 1], "padding": "same", "data_format": "channels_last", "dilation_rate": [1, 1], "groups": 1, "activation": "linear", "use_bias": true, "kernel_initializer": {"class_name": "GlorotUniform", "config": {"seed": null}}, "bias_initializer": {"class_name": "Zeros", "config": {}}, "kernel_regularizer": null, "bias_regularizer": null, "activity_regularizer": null, "kernel_constraint": null, "bias_constraint": null}, "name": "conv2d_9", "inbound_nodes": [[["batch_normalization_13", 0, 0, {}]]]}, {"class_name": "BatchNormalization", "config": {"name": "batch_normalization_14", "trainable": true, "dtype": "float32", "axis": [3], "momentum": 0.99, "epsilon": 0.001, "center": true, "scale": true, "beta_initializer": {"class_name": "Zeros", "config": {}}, "gamma_initializer": {"class_name": "Ones", "config": {}}, "moving_mean_initializer": {"class_name": "Zeros", "config": {}}, "moving_variance_initializer": {"class_name": "Ones", "config": {}}, "beta_regularizer": null, "gamma_regularizer": null, "beta_constraint": null, "gamma_constraint": null}, "name": "batch_normalization_14", "inbound_nodes": [[["conv2d_9", 0, 0, {}]]]}, {"class_name": "Add", "config": {"name": "add_1", "trainable": true, "dtype": "float32"}, "name": "add_1", "inbound_nodes": [[["batch_normalization_11", 0, 0, {}], ["batch_normalization_14", 0, 0, {}]]]}, {"class_name": "Conv2D", "config": {"name": "conv2d_10", "trainable": true, "dtype": "float32", "filters": 192, "kernel_size": [1, 1], "strides": [1, 1], "padding": "same", "data_format": "channels_last", "dilation_rate": [1, 1], "groups": 1, "activation": "linear", "use_bias": false, "kernel_initializer": {"class_name": "GlorotUniform", "config": {"seed": null}}, "bias_initializer": {"class_name": "Zeros", "config": {}}, "kernel_regularizer": null, "bias_regularizer": null, "activity_regularizer": null, "kernel_constraint": null, "bias_constraint": null}, "name": "conv2d_10", "inbound_nodes": [[["add_1", 0, 0, {}]]]}, {"class_name": "ReLU", "config": {"name": "re_lu_10", "trainable": true, "dtype": "float32", "max_value": null, "negative_slope": 0.0, "threshold": 0.0}, "name": "re_lu_10", "inbound_nodes": [[["conv2d_10", 0, 0, {}]]]}, {"class_name": "BatchNormalization", "config": {"name": "batch_normalization_15", "trainable": true, "dtype": "float32", "axis": [3], "momentum": 0.99, "epsilon": 0.001, "center": true, "scale": true, "beta_initializer": {"class_name": "Zeros", "config": {}}, "gamma_initializer": {"class_name": "Ones", "config": {}}, "moving_mean_initializer": {"class_name": "Zeros", "config": {}}, "moving_variance_initializer": {"class_name": "Ones", "config": {}}, "beta_regularizer": null, "gamma_regularizer": null, "beta_constraint": null, "gamma_constraint": null}, "name": "batch_normalization_15", "inbound_nodes": [[["re_lu_10", 0, 0, {}]]]}, {"class_name": "DepthwiseConv2D", "config": {"name": "depthwise_conv2d_5", "trainable": true, "dtype": "float32", "kernel_size": [3, 3], "strides": [1, 1], "padding": "same", "data_format": "channels_last", "dilation_rate": [1, 1], "groups": 1, "activation": "linear", "use_bias": false, "bias_initializer": {"class_name": "Zeros", "config": {}}, "bias_regularizer": null, "activity_regularizer": null, "bias_constraint": null, "depth_multiplier": 1, "depthwise_initializer": {"class_name": "GlorotUniform", "config": {"seed": null}}, "depthwise_regularizer": null, "depthwise_constraint": null}, "name": "depthwise_conv2d_5", "inbound_nodes": [[["batch_normalization_15", 0, 0, {}]]]}, {"class_name": "ReLU", "config": {"name": "re_lu_11", "trainable": true, "dtype": "float32", "max_value": null, "negative_slope": 0.0, "threshold": 0.0}, "name": "re_lu_11", "inbound_nodes": [[["depthwise_conv2d_5", 0, 0, {}]]]}, {"class_name": "BatchNormalization", "config": {"name": "batch_normalization_16", "trainable": true, "dtype": "float32", "axis": [3], "momentum": 0.99, "epsilon": 0.001, "center": true, "scale": true, "beta_initializer": {"class_name": "Zeros", "config": {}}, "gamma_initializer": {"class_name": "Ones", "config": {}}, "moving_mean_initializer": {"class_name": "Zeros", "config": {}}, "moving_variance_initializer": {"class_name": "Ones", "config": {}}, "beta_regularizer": null, "gamma_regularizer": null, "beta_constraint": null, "gamma_constraint": null}, "name": "batch_normalization_16", "inbound_nodes": [[["re_lu_11", 0, 0, {}]]]}, {"class_name": "Conv2D", "config": {"name": "conv2d_11", "trainable": true, "dtype": "float32", "filters": 32, "kernel_size": [1, 1], "strides": [1, 1], "padding": "same", "data_format": "channels_last", "dilation_rate": [1, 1], "groups": 1, "activation": "linear", "use_bias": true, "kernel_initializer": {"class_name": "GlorotUniform", "config": {"seed": null}}, "bias_initializer": {"class_name": "Zeros", "config": {}}, "kernel_regularizer": null, "bias_regularizer": null, "activity_regularizer": null, "kernel_constraint": null, "bias_constraint": null}, "name": "conv2d_11", "inbound_nodes": [[["batch_normalization_16", 0, 0, {}]]]}, {"class_name": "BatchNormalization", "config": {"name": "batch_normalization_17", "trainable": true, "dtype": "float32", "axis": [3], "momentum": 0.99, "epsilon": 0.001, "center": true, "scale": true, "beta_initializer": {"class_name": "Zeros", "config": {}}, "gamma_initializer": {"class_name": "Ones", "config": {}}, "moving_mean_initializer": {"class_name": "Zeros", "config": {}}, "moving_variance_initializer": {"class_name": "Ones", "config": {}}, "beta_regularizer": null, "gamma_regularizer": null, "beta_constraint": null, "gamma_constraint": null}, "name": "batch_normalization_17", "inbound_nodes": [[["conv2d_11", 0, 0, {}]]]}, {"class_name": "Add", "config": {"name": "add_2", "trainable": true, "dtype": "float32"}, "name": "add_2", "inbound_nodes": [[["add_1", 0, 0, {}], ["batch_normalization_17", 0, 0, {}]]]}, {"class_name": "Conv2D", "config": {"name": "conv2d_12", "trainable": true, "dtype": "float32", "filters": 64, "kernel_size": [1, 1], "strides": [1, 1], "padding": "same", "data_format": "channels_last", "dilation_rate": [1, 1], "groups": 1, "activation": "linear", "use_bias": false, "kernel_initializer": {"class_name": "GlorotUniform", "config": {"seed": null}}, "bias_initializer": {"class_name": "Zeros", "config": {}}, "kernel_regularizer": null, "bias_regularizer": null, "activity_regularizer": null, "kernel_constraint": null, "bias_constraint": null}, "name": "conv2d_12", "inbound_nodes": [[["add_2", 0, 0, {}]]]}, {"class_name": "BatchNormalization", "config": {"name": "batch_normalization_18", "trainable": true, "dtype": "float32", "axis": [3], "momentum": 0.99, "epsilon": 0.001, "center": true, "scale": true, "beta_initializer": {"class_name": "Zeros", "config": {}}, "gamma_initializer": {"class_name": "Ones", "config": {}}, "moving_mean_initializer": {"class_name": "Zeros", "config": {}}, "moving_variance_initializer": {"class_name": "Ones", "config": {}}, "beta_regularizer": null, "gamma_regularizer": null, "beta_constraint": null, "gamma_constraint": null}, "name": "batch_normalization_18", "inbound_nodes": [[["conv2d_12", 0, 0, {}]]]}, {"class_name": "ReLU", "config": {"name": "re_lu_12", "trainable": true, "dtype": "float32", "max_value": null, "negative_slope": 0.0, "threshold": 0.0}, "name": "re_lu_12", "inbound_nodes": [[["batch_normalization_18", 0, 0, {}]]]}, {"class_name": "GlobalAveragePooling2D", "config": {"name": "global_average_pooling2d", "trainable": true, "dtype": "float32", "data_format": "channels_last", "keepdims": false}, "name": "global_average_pooling2d", "inbound_nodes": [[["re_lu_12", 0, 0, {}]]]}, {"class_name": "Dense", "config": {"name": "dense", "trainable": true, "dtype": "float32", "units": 2, "activation": "softmax", "use_bias": true, "kernel_initializer": {"class_name": "GlorotUniform", "config": {"seed": null}}, "bias_initializer": {"class_name": "Zeros", "config": {}}, "kernel_regularizer": null, "bias_regularizer": null, "activity_regularizer": null, "kernel_constraint": null, "bias_constraint": null}, "name": "dense", "inbound_nodes": [[["global_average_pooling2d", 0, 0, {}]]]}], "input_layers": [["input_1", 0, 0]], "output_layers": [["dense", 0, 0]]}}, "training_config": {"loss": "categorical_crossentropy", "metrics": [[{"class_name": "MeanMetricWrapper", "config": {"name": "accuracy", "dtype": "float32", "fn": "categorical_accuracy"}}]], "weighted_metrics": null, "loss_weights": null, "optimizer_config": {"class_name": "Adam", "config": {"name": "Adam", "learning_rate": 0.0010000000474974513, "decay": 0.0, "beta_1": 0.8999999761581421, "beta_2": 0.9990000128746033, "epsilon": 1e-07, "amsgrad": false}}}}, "weightsManifest": [{"paths": ["group1-shard1of1.bin"], "weights": [{"name": "batch_normalization/gamma", "shape": [32], "dtype": "float32"}, {"name": "batch_normalization/beta", "shape": [32], "dtype": "float32"}, {"name": "batch_normalization/moving_mean", "shape": [32], "dtype": "float32"}, {"name": "batch_normalization/moving_variance", "shape": [32], "dtype": "float32"}, {"name": "batch_normalization_1/gamma", "shape": [32], "dtype": "float32"}, {"name": "batch_normalization_1/beta", "shape": [32], "dtype": "float32"}, {"name": "batch_normalization_1/moving_mean", "shape": [32], "dtype": "float32"}, {"name": "batch_normalization_1/moving_variance", "shape": [32], "dtype": "float32"}, {"name": "batch_normalization_10/gamma", "shape": [144], "dtype": "float32"}, {"name": "batch_normalization_10/beta", "shape": [144], "dtype": "float32"}, {"name": "batch_normalization_10/moving_mean", "shape": [144], "dtype": "float32"}, {"name": "batch_normalization_10/moving_variance", "shape": [144], "dtype": "float32"}, {"name": "batch_normalization_11/gamma", "shape": [32], "dtype": "float32"}, {"name": "batch_normalization_11/beta", "shape": [32], "dtype": "float32"}, {"name": "batch_normalization_11/moving_mean", "shape": [32], "dtype": "float32"}, {"name": "batch_normalization_11/moving_variance", "shape": [32], "dtype": "float32"}, {"name": "batch_normalization_12/gamma", "shape": [192], "dtype": "float32"}, {"name": "batch_normalization_12/beta", "shape": [192], "dtype": "float32"}, {"name": "batch_normalization_12/moving_mean", "shape": [192], "dtype": "float32"}, {"name": "batch_normalization_12/moving_variance", "shape": [192], "dtype": "float32"}, {"name": "batch_normalization_13/gamma", "shape": [192], "dtype": "float32"}, {"name": "batch_normalization_13/beta", "shape": [192], "dtype": "float32"}, {"name": "batch_normalization_13/moving_mean", "shape": [192], "dtype": "float32"}, {"name": "batch_normalization_13/moving_variance", "shape": [192], "dtype": "float32"}, {"name": "batch_normalization_14/gamma", "shape": [32], "dtype": "float32"}, {"name": "batch_normalization_14/beta", "shape": [32], "dtype": "float32"}, {"name": "batch_normalization_14/moving_mean", "shape": [32], "dtype": "float32"}, {"name": "batch_normalization_14/moving_variance", "shape": [32], "dtype": "float32"}, {"name": "batch_normalization_15/gamma", "shape": [192], "dtype": "float32"}, {"name": "batch_normalization_15/beta", "shape": [192], "dtype": "float32"}, {"name": "batch_normalization_15/moving_mean", "shape": [192], "dtype": "float32"}, {"name": "batch_normalization_15/moving_variance", "shape": [192], "dtype": "float32"}, {"name": "batch_normalization_16/gamma", "shape": [192], "dtype": "float32"}, {"name": "batch_normalization_16/beta", "shape": [192], "dtype": "float32"}, {"name": "batch_normalization_16/moving_mean", "shape": [192], "dtype": "float32"}, {"name": "batch_normalization_16/moving_variance", "shape": [192], "dtype": "float32"}, {"name": "batch_normalization_17/gamma", "shape": [32], "dtype": "float32"}, {"name": "batch_normalization_17/beta", "shape": [32], "dtype": "float32"}, {"name": "batch_normalization_17/moving_mean", "shape": [32], "dtype": "float32"}, {"name": "batch_normalization_17/moving_variance", "shape": [32], "dtype": "float32"}, {"name": "batch_normalization_18/gamma", "shape": [64], "dtype": "float32"}, {"name": "batch_normalization_18/beta", "shape": [64], "dtype": "float32"}, {"name": "batch_normalization_18/moving_mean", "shape": [64], "dtype": "float32"}, {"name": "batch_normalization_18/moving_variance", "shape": [64], "dtype": "float32"}, {"name": "batch_normalization_2/gamma", "shape": [16], "dtype": "float32"}, {"name": "batch_normalization_2/beta", "shape": [16], "dtype": "float32"}, {"name": "batch_normalization_2/moving_mean", "shape": [16], "dtype": "float32"}, {"name": "batch_normalization_2/moving_variance", "shape": [16], "dtype": "float32"}, {"name": "batch_normalization_3/gamma", "shape": [96], "dtype": "float32"}, {"name": "batch_normalization_3/beta", "shape": [96], "dtype": "float32"}, {"name": "batch_normalization_3/moving_mean", "shape": [96], "dtype": "float32"}, {"name": "batch_normalization_3/moving_variance", "shape": [96], "dtype": "float32"}, {"name": "batch_normalization_4/gamma", "shape": [96], "dtype": "float32"}, {"name": "batch_normalization_4/beta", "shape": [96], "dtype": "float32"}, {"name": "batch_normalization_4/moving_mean", "shape": [96], "dtype": "float32"}, {"name": "batch_normalization_4/moving_variance", "shape": [96], "dtype": "float32"}, {"name": "batch_normalization_5/gamma", "shape": [24], "dtype": "float32"}, {"name": "batch_normalization_5/beta", "shape": [24], "dtype": "float32"}, {"name": "batch_normalization_5/moving_mean", "shape": [24], "dtype": "float32"}, {"name": "batch_normalization_5/moving_variance", "shape": [24], "dtype": "float32"}, {"name": "batch_normalization_6/gamma", "shape": [144], "dtype": "float32"}, {"name": "batch_normalization_6/beta", "shape": [144], "dtype": "float32"}, {"name": "batch_normalization_6/moving_mean", "shape": [144], "dtype": "float32"}, {"name": "batch_normalization_6/moving_variance", "shape": [144], "dtype": "float32"}, {"name": "batch_normalization_7/gamma", "shape": [144], "dtype": "float32"}, {"name": "batch_normalization_7/beta", "shape": [144], "dtype": "float32"}, {"name": "batch_normalization_7/moving_mean", "shape": [144], "dtype": "float32"}, {"name": "batch_normalization_7/moving_variance", "shape": [144], "dtype": "float32"}, {"name": "batch_normalization_8/gamma", "shape": [24], "dtype": "float32"}, {"name": "batch_normalization_8/beta", "shape": [24], "dtype": "float32"}, {"name": "batch_normalization_8/moving_mean", "shape": [24], "dtype": "float32"}, {"name": "batch_normalization_8/moving_variance", "shape": [24], "dtype": "float32"}, {"name": "batch_normalization_9/gamma", "shape": [144], "dtype": "float32"}, {"name": "batch_normalization_9/beta", "shape": [144], "dtype": "float32"}, {"name": "batch_normalization_9/moving_mean", "shape": [144], "dtype": "float32"}, {"name": "batch_normalization_9/moving_variance", "shape": [144], "dtype": "float32"}, {"name": "conv2d/kernel", "shape": [3, 3, 3, 32], "dtype": "float32"}, {"name": "conv2d_1/kernel", "shape": [1, 1, 32, 16], "dtype": "float32"}, {"name": "conv2d_1/bias", "shape": [16], "dtype": "float32"}, {"name": "conv2d_10/kernel", "shape": [1, 1, 32, 192], "dtype": "float32"}, {"name": "conv2d_11/kernel", "shape": [1, 1, 192, 32], "dtype": "float32"}, {"name": "conv2d_11/bias", "shape": [32], "dtype": "float32"}, {"name": "conv2d_12/kernel", "shape": [1, 1, 32, 64], "dtype": "float32"}, {"name": "conv2d_2/kernel", "shape": [1, 1, 16, 96], "dtype": "float32"}, {"name": "conv2d_3/kernel", "shape": [1, 1, 96, 24], "dtype": "float32"}, {"name": "conv2d_3/bias", "shape": [24], "dtype": "float32"}, {"name": "conv2d_4/kernel", "shape": [1, 1, 24, 144], "dtype": "float32"}, {"name": "conv2d_5/kernel", "shape": [1, 1, 144, 24], "dtype": "float32"}, {"name": "conv2d_5/bias", "shape": [24], "dtype": "float32"}, {"name": "conv2d_6/kernel", "shape": [1, 1, 24, 144], "dtype": "float32"}, {"name": "conv2d_7/kernel", "shape": [1, 1, 144, 32], "dtype": "float32"}, {"name": "conv2d_7/bias", "shape": [32], "dtype": "float32"}, {"name": "conv2d_8/kernel", "shape": [1, 1, 32, 192], "dtype": "float32"}, {"name": "conv2d_9/kernel", "shape": [1, 1, 192, 32], "dtype": "float32"}, {"name": "conv2d_9/bias", "shape": [32], "dtype": "float32"}, {"name": "dense/kernel", "shape": [64, 2], "dtype": "float32"}, {"name": "dense/bias", "shape": [2], "dtype": "float32"}, {"name": "depthwise_conv2d/depthwise_kernel", "shape": [3, 3, 32, 1], "dtype": "float32"}, {"name": "depthwise_conv2d_1/depthwise_kernel", "shape": [3, 3, 96, 1], "dtype": "float32"}, {"name": "depthwise_conv2d_2/depthwise_kernel", "shape": [3, 3, 144, 1], "dtype": "float32"}, {"name": "depthwise_conv2d_3/depthwise_kernel", "shape": [3, 3, 144, 1], "dtype": "float32"}, {"name": "depthwise_conv2d_4/depthwise_kernel", "shape": [3, 3, 192, 1], "dtype": "float32"}, {"name": "depthwise_conv2d_5/depthwise_kernel", "shape": [3, 3, 192, 1], "dtype": "float32"}]}]}